{
  "project_info": {
    "project_number": "763310857680",
    "project_id": "yemek-fb583",
    "storage_bucket": "yemek-fb583.appspot.com"
  },
  "client": [
    {
      "client_info": {
        "mobilesdk_app_id": "1:763310857680:android:0b079915bb759642a4edd5",
        "android_client_info": {
          "package_name": "com.example.yemekmobiluygulama"
        }
      },
      "oauth_client": [
        {
          "client_id": "763310857680-1krnf7slpk0s1uijdocq5bg9u6d2smnd.apps.googleusercontent.com",
          "client_type": 1,
          "android_info": {
            "package_name": "com.example.yemekmobiluygulama",
            "certificate_hash": "a789e505c817a122ea906ea6eaa3d48b3a30ab18"
          }
        },
        {
          "client_id": "763310857680-fci7piccg50u0mqt75eo98l1jhaf1j4f.apps.googleusercontent.com",
          "client_type": 3
        }
      ],
      "api_key": [
        {
          "current_key": "AIzaSyBAMBPurNzl82kj-7xZdporqc_CW0rFqb8"
        }
      ],
      "services": {
        "appinvite_service": {
          "other_platform_oauth_client": [
            {
              "client_id": "763310857680-fci7piccg50u0mqt75eo98l1jhaf1j4f.apps.googleusercontent.com",
              "client_type": 3
            }
          ]
        }
      }
    },
    {
      "client_info": {
        "mobilesdk_app_id": "1:763310857680:android:86fbb600075349dca4edd5",
        "android_client_info": {
          "package_name": "com.example.yemektarif"
        }
      },
      "oauth_client": [
        {
          "client_id": "763310857680-fci7piccg50u0mqt75eo98l1jhaf1j4f.apps.googleusercontent.com",
          "client_type": 3
        }
      ],
      "api_key": [
        {
          "current_key": "AIzaSyBAMBPurNzl82kj-7xZdporqc_CW0rFqb8"
        }
      ],
      "services": {
        "appinvite_service": {
          "other_platform_oauth_client": [
            {
              "client_id": "763310857680-fci7piccg50u0mqt75eo98l1jhaf1j4f.apps.googleusercontent.com",
              "client_type": 3
            }
          ]
        }
      }
    }
  ],
  "configuration_version": "1"
}